Record ID,Company name,Type,Sector,Company Domain Name,Number of Employees,City,Country,Company owner,Create Date,Website URL,Phone Number,Last Activity Date,Country/Region,Industry,Lifecycle
 Stage,Street Address
178000000000.0,MR Partnership Limited,other,,mrpartnership.co.uk,11,,,No Owner,2025-09-09 00:01,https://mrpartnership.co.uk,,2025-09-09 00:01,,,Other,
178000000000.0,Quentin Alder Architects,other,,quentinalder.co.uk,11,,,No Owner,2025-09-09 00:01,https://quentinalder.co.uk,,2025-09-09 00:01,,,Other,
178000000000.0,hgh Consulting,,,hghconsulting.com,11,,,James Garrett,2025-09-09 00:01,https://hghconsulting.com,020 7851 4040,2025-09-09 00:01,,,Lead,"77-79 Great Peter Street, London, SW1P 2EZ"
178000000000.0,Stuart Forbes Associates,,,stuartforbes.com,16,,,Ellinor,2025-09-09 00:01,https://stuartforbes.com,+44 207 731 8111,2025-09-09 00:01,,,Lead,"Unit 2 Burlington Lodge Studios, 48 Rigault Road, Fulham, London, SW6 4JJ"
179000000000.0,dPb,other,,dpbltd.co.uk,4,,,No Owner,2025-09-09 00:01,https://dpbltd.co.uk,,2025-09-09 00:01,,,Other,
179000000000.0,ARCHITECTONIC DESIGN LTD,,,architectonicdesign.co.uk,11,,,James Garrett,2025-09-09 00:01,https://architectonicdesign.co.uk,,2025-09-09 00:01,,,Lead,
179000000000.0,Jonathan Hendry Architects,other,,jonathanhendryarchitects.com,4,,,No Owner,2025-09-09 00:01,https://jonathanhendryarchitects.com,,2025-09-09 00:01,,,Other,
179000000000.0,SPACE DESIGN ARCHITECTURE LIMITED,,,spacedesignarchitecture.co.uk,11,,,James Garrett,2025-09-09 00:01,https://spacedesignarchitecture.co.uk,,2025-09-09 00:01,,,Lead,
179000000000.0,Cube PSL,other,,cubepsl.co.uk,11,,,No Owner,2025-09-09 00:01,https://cubepsl.co.uk,,2025-09-09 00:01,,,Other,
179000000000.0,Sondh Associates Ltd.,other,,sondhassociates.com,2,,,No Owner,2025-09-09 00:01,https://sondhassociates.com,,2025-09-09 00:01,,,Other,
179000000000.0,Robinson Kenning & Gallagher,,,rkgpartnership.co.uk,11,,,James Garrett,2025-09-09 00:01,https://rkgpartnership.co.uk,+44 (0) 20 8684 8125,2025-09-09 00:01,,,Lead,"Airport House, Purley Way, Croydon, CR0 0XZ"
179000000000.0,Office For Architectural Culture Limited,other,,officeforarchitecturalculture.com,11,,,No Owner,2025-09-09 00:01,https://officeforarchitecturalculture.com,,2025-09-09 00:01,,,Other,
179000000000.0,Restorative Techniques Ltd,other,,restorative-products.com,11,,,No Owner,2025-09-09 00:01,https://restorative-products.com,,2025-09-09 00:01,,,Other,
179000000000.0,Johnston Cave Associates,,,johnstoncave.com,11,,,James Garrett,2025-09-09 00:01,https://johnstoncave.com,,2025-09-09 00:01,,,Lead,
179000000000.0,David Jarvis Associates Limited,,,davidjarvis.biz,11,,,James Garrett,2025-09-09 00:01,https://davidjarvis.biz,01242 571828,2025-09-09 00:01,,,Lead,"1 St. Georges Court, St. Georges Road, Cheltenham, Gloucestershire, GL50 3DT"
179000000000.0,AVR London,other,,avr.london,11,,,No Owner,2025-09-09 00:01,https://avr.london,,2025-09-09 00:01,,,Other,
179000000000.0,Moloney O'Beirne Architects,,,mob.ie,18,,,Ellinor,2025-09-09 00:01,https://mob.ie,01 400 3200,2025-09-09 00:01,,,Lead,"Oyster Point, Temple Road, Blackrock, Co. Dublin, Ireland"
179000000000.0,Coe Design Landscape Architecture,,,coe-design.co.uk,5,,,James,2025-09-09 00:01,https://coe-design.co.uk,01305 770 666,2025-09-09 00:01,,,Lead,"5A Saint Thomas Street, Weymouth, England, DT4 8EW, United Kingdom"
179000000000.0,CD Architects,,,graydesignltd.co.uk,9,,,James,2025-09-09 00:01,https://graydesignltd.co.uk,+44 (0) 28 3025 1885,2025-09-09 00:01,,,Lead,"40-41 The Mall, Newry. BT34 1AN"
179000000000.0,SAM Group,,,samplanning.co.uk,18,,,Ellinor,2025-09-09 00:01,https://samplanning.co.uk,(+44) 20 3846 6745,2025-09-09 00:01,,,Lead,"Unit 9B The High Cross Centre Fountayne Road, London, N15 4BE"
179000000000.0,Yiangou Architects,,,yiangou.com,11,,,James Garrett,2025-09-09 00:01,https://yiangou.com,01285 888 150,2025-09-09 00:01,,,Lead,"Dyer House, 3 Dyer St, Cirencester, GL7 2PP"
179000000000.0,Maltby Land Surveys Ltd - Based in Sussex,other,,maltbysurveys.com,4,,,No Owner,2025-09-09 00:01,https://maltbysurveys.com,,2025-09-09 00:01,,,Other,
179000000000.0,Soundscape,,,soundscape.uk,11,,,James Garrett,2025-09-09 00:01,https://soundscape.uk,+44 (0)800 612 6944,2025-09-09 00:01,,,Lead,
179000000000.0,Moxley Architects Ltd,,,moxley.co.uk,11,,,James Garrett,2025-09-09 00:01,https://moxley.co.uk,,2025-09-09 00:01,,,Lead,
179000000000.0,MMM Architects Ltd,,,mmmarchitects.com,11,,,James Garrett,2025-09-09 00:01,https://mmmarchitects.com,020 7286 9499,2025-09-09 00:01,,,Lead,"The Banking Hall, 26 Maida Vale, London, W9 1RS"
179000000000.0,KnoxClayton Architects,,,knox-clayton.co.uk,11,,,James Garrett,2025-09-09 00:01,https://knox-clayton.co.uk,,2025-09-09 00:01,,,Lead,
179000000000.0,Arqui9 Visualisation,,,arqui9.com,5,,,James,2025-09-09 00:01,https://arqui9.com,+44 (0) 1737 223 342,2025-09-09 00:01,,,Lead,"7-11 Lonsdale House, High St, Reigate, RH2 9AA, United Kingdom"
179000000000.0,LOYN+CO ARCHITECTS,,,loyn.co.uk,11,,,James Garrett,2025-09-09 00:01,https://loyn.co.uk,,2025-09-09 00:01,,,Lead,
179000000000.0,Murdoch Wickham,,,murdochwickham.com,55,,,Ellinor,2025-09-09 00:01,https://murdochwickham.com,01732 752780,2025-09-09 00:01,,,Lead,"The Tithe Barn, Bradbourne House, East Malling, Kent, ME19 6DZ"
179000000000.0,Beckwith Design,,,beckwithdesign.co.uk,5,,,James,2025-09-09 00:01,https://beckwithdesign.co.uk,01274 728683,2025-09-09 00:01,,,Lead,"The Studio, 53 Leeds Road, Bradford, West Yorkshire, BD1 5AF"
179000000000.0,HPA Architecture Ltd,,,hpa-architecture.com,11,,,James Garrett,2025-09-09 00:01,https://hpa-architecture.com,,2025-09-09 00:01,,,Lead,
179000000000.0,MGA Architecture (Michael Gilmour Associates),,,mga-architecture.co.uk,11,,,James Garrett,2025-09-09 00:01,https://mga-architecture.co.uk,,2025-09-09 00:01,,,Lead,
179000000000.0,Quantarc Ltd,other,,quantarc.co.uk,11,,,No Owner,2025-09-09 00:01,https://quantarc.co.uk,,2025-09-09 00:01,,,Other,
179000000000.0,Trower Davies Ltd.,,,trowerdavies.co.uk,11,,,James Garrett,2025-09-09 00:01,https://trowerdavies.co.uk/home,020 7403 5800,2025-09-09 00:01,,,Lead,"25 Lavington Street, London, SE1 0NZ"
179000000000.0,Building Design Northern,,,bdnltd.com,29,,,Ellinor,2025-09-09 00:01,https://bdnltd.com,0191 535 6189,2025-09-09 00:01,,,Lead,"The Old School, Simpson Street, Sunderland, SR4 6DR"
179000000000.0,Pelham,,,pelham.co.uk,18,,,Ellinor,2025-09-09 00:01,https://pelham.co.uk,0115 773 6904,2025-09-09 00:01,,,Lead,"Clifton Place, 9 Fairham Brook Drive, Clifton, Nottingham, NG11 8PY"
179000000000.0,IDP ARCHITECTS LLP,other,,idparchitects.co.uk,3,,,No Owner,2025-09-09 00:01,https://idparchitects.co.uk,,2025-09-09 00:01,,,Other,
179000000000.0,"Russen & Turner - Architectural Designers, Estate Agents and Chartered Surveyors",,,russenandturner.co.uk,20,,,Ellinor,2025-09-09 00:01,https://russenandturner.co.uk,01553 768256,2025-09-09 00:01,,,Lead,"17 High Street, Kings Lynn, Norfolk, PE30 1BP, United Kingdom"
179000000000.0,Gravis Planning,,,gravisplanning.com,9,,,James,2025-09-09 00:01,https://gravisplanning.com,+44 28 9042 5222,2025-09-09 00:01,,,Lead,"1 Pavilions Office Park, Kinnegar Drive, Holywood, BT18 9JQ"
179000000000.0,Brindley,,,brindleyassociates.co.uk,11,,,James Garrett,2025-09-09 00:01,https://brindleyassociates.co.uk,,2025-09-09 00:01,,,Lead,
179000000000.0,AAP Architecture Ltd,other,,aap-arc.co.uk,11,,,No Owner,2025-09-09 00:01,https://aap-arc.co.uk,,2025-09-09 00:01,,,Other,
179000000000.0,FRAMED ESTATES Architects,,,framedestates.com,11,,,James Garrett,2025-09-09 00:01,https://framedestates.com,0141 406 8077,2025-09-09 00:01,,,Lead,"Studio 5001, Mile End Mill, 12 Seedhill Road, Paisley PA1 1JS"
179000000000.0,TVAS (Ireland) Ltd.,,,tvasireland.ie,11,,,James Garrett,2025-09-09 00:01,https://tvasireland.ie,+353 (0)65 6890990,2025-09-09 00:01,,,Lead,"Ahish, Ballinruan, Crusheen, Co. Clare, V95 W974"
179000000000.0,P2 DESIGN LIMITED,,,p2design.co.uk,11,,,James Garrett,2025-09-09 00:01,https://p2design.co.uk,020 7736 4556,2025-09-09 00:01,,,Lead,"The Studio, 2 Salcott Road, Croydon, London, CR0 4PR"
179000000000.0,DCa architects - David Coles architects,,,colesarchitects.co.uk,11,,,James Garrett,2025-09-09 00:01,https://colesarchitects.co.uk,,2025-09-09 00:01,,,Lead,
179000000000.0,CD Architects Ltd,,,cd-architects.co.uk,11,,,James Garrett,2025-09-09 00:01,https://cd-architects.co.uk,,2025-09-09 00:01,,,Lead,
179000000000.0,SBS Shopfitters Limited,other,,sbs-shopfitters.co.uk,3,,,No Owner,2025-09-09 00:01,https://sbs-shopfitters.co.uk,,2025-09-09 00:01,,,Other,
179000000000.0,Michael Aubrey Structural Engineers,,,mapl.co.uk,5,,,James,2025-09-09 00:01,https://mapl.co.uk,0118 962 9666,2025-09-09 00:01,,,Lead,"6 Ivanhoe Road, Hogwood Industrial Estate, Finchampstead, Wokingham, RG40 4QQ"
179000000000.0,Mei Loci Landscape Architects | B Corp,other,,meiloci.co.uk,11,,,No Owner,2025-09-09 00:01,https://meiloci.co.uk,,2025-09-09 00:01,,,Other,
179000000000.0,Archiform London Ltd.,,,archiform-london.co.uk,6,,,James,2025-09-09 00:01,https://archiform-london.co.uk,+4420 7371 9354,2025-09-09 00:01,,,Lead,
179000000000.0,Rame Architects Ltd,,,ramearchitects.com,11,,,James Garrett,2025-09-09 00:01,https://ramearchitects.com,,2025-09-09 00:01,,,Lead,
179000000000.0,Foster Wilson Size,other,,fosterwilsonsize.com,11,,,No Owner,2025-09-09 00:01,https://fosterwilsonsize.com,,2025-09-09 00:01,,,Other,
179000000000.0,Morgan Architects Ltd,,,jmorganarchitects.com,11,,,James Garrett,2025-09-09 00:01,https://jmorganarchitects.com,,2025-09-09 00:01,,,Lead,
179000000000.0,ASCAPE,other,,ascape.co.uk,4,,,No Owner,2025-09-09 00:01,https://ascape.co.uk,,2025-09-09 00:01,,,Other,
179000000000.0,Harris Irwin Architects,,,harrisirwin.com,29,,,Ellinor,2025-09-09 00:01,https://harrisirwin.com,01748 825675,2025-09-09 00:01,,,Lead,"9 Aske Stables, Richmond, North Yorkshire, DL10 5HG"
179000000000.0,Oppermann Associates,,,oppermann.ie,23,,,Ellinor,2025-09-09 00:01,https://oppermann.ie,+353 1 889 9800,2025-09-09 00:01,,,Lead,"D1, THE STEELWORKS, FOLEY STREET, DUBLIN 1 (D01 R8P3)"
179000000000.0,Kennedy FitzGerald Architects LLP,,,kennedyfitzgerald.com,28,,,Ellinor,2025-09-09 00:01,https://kennedyfitzgerald.com,+44 (0)28 9066 1632,2025-09-09 00:01,,,Lead,Dill House Studio Castlereagh Business Park 478 Castlereagh Road Belfast BT5 6BQ
179000000000.0,Pearce Bottomley Architects,,,pbarchitects.co.uk,11,,,James Garrett,2025-09-09 00:01,https://pbarchitects.co.uk,,2025-09-09 00:01,,,Lead,
179000000000.0,Tasou Associates,,,tasou.co.uk,11,,,James Garrett,2025-09-09 00:01,https://tasou.co.uk,020 7713 7070,2025-09-09 00:01,,,Lead,"4 Amwell Street, London EC1R 1UQ"
179000000000.0,eml architects,,,eml.ie,18,,,Ellinor,2025-09-09 00:01,https://eml.ie,"(061) 312 249
(01) 670 7677",2025-09-09 00:01,,,Lead,"20 Cruises Street, Limerick, V94 R6P9
37 Fitzwilliam Place, Dublin 2, D02 YT52"
179000000000.0,LRM Planning,,,lrmplanning.com,11,,,James Garrett,2025-09-09 00:01,https://lrmplanning.com,,2025-09-09 00:01,,,Lead,
179000000000.0,Coltart Earley Architecture,,,cearchitecture.com,11,,,James Garrett,2025-09-09 00:01,https://cearchitecture.com,0141 353 7488,2025-09-09 00:01,,,Lead,"559 Sauchiehall Street, Charing Cross, Glasgow, G3 7PQ"
179000000000.0,TDC Architects Ltd,,,tdc-arch.design,15,,,James,2025-09-09 00:01,https://tdc-arch.design,01904 848440,2025-09-09 00:01,,,Lead,"2nd Floor, 13 Museum Street, YORK, YO1 7DT, United Kingdom"
179000000000.0,gcp Chartered Architects,,,gcparch.co.uk,29,,,Ellinor,2025-09-09 00:01,https://gcparch.co.uk,0117 9676286,2025-09-09 00:01,,,Lead,"Suite 10, Corum 2, Corum Office Park, Warmley, Bristol, BS30 8FJ, United Kingdom"
179000000000.0,RSK Acoustics,other,,rskgroup.com,11,,,No Owner,2025-09-09 00:01,https://rskgroup.com,,2025-09-09 00:01,,,Other,
179000000000.0,Rockhunter,,,rockhunter.co.uk,11,,,James Garrett,2025-09-09 00:01,https://rockhunter.co.uk,,2025-09-09 00:01,,,Lead,
179000000000.0,Doone Silver Kerr,other,,doonesilverkerr.com,11,,,No Owner,2025-09-09 00:01,https://doonesilverkerr.com,,2025-09-09 00:01,,,Other,
178000000000.0,TFF Architects Ltd,,,tffa.co.uk,11,,,James Garrett,2025-09-09 00:01,https://tffa.co.uk,,2025-09-09 00:01,,,Lead,
178000000000.0,dn-a architecture,,,mydn-a.com,11,,,James Garrett,2025-09-09 00:01,https://mydn-a.com,,2025-09-09 00:01,,,Lead,
178000000000.0,HORSLEY HUBER ARCHITECTS LIMITED,,,hhastudio.com,11,,,James,2025-09-09 00:01,https://hhastudio.com,01785 251238,2025-09-09 00:01,,,Lead,"Castleberg Studio 134 Newport Road, Stafford, ST16 2HB"
178000000000.0,DS2,other,,ds2.co.uk,11,,,No Owner,2025-09-09 00:01,https://ds2.co.uk,,2025-09-09 00:01,,,Other,
178000000000.0,Childs Sulzmann Architects,other,,cs-architects.co.uk,4,,,No Owner,2025-09-09 00:01,https://cs-architects.co.uk,,2025-09-09 00:01,,,Other,
178000000000.0,Rodney Melville + Partners,,,rmpuk.com,11,,,James Garrett,2025-09-09 00:01,https://rmpuk.com,,2025-09-09 00:01,,,Lead,
178000000000.0,Smith Simmons & Partners,,,ss-p.co.uk,10,,,James,2025-09-09 00:01,https://ss-p.co.uk,01243 850 411,2025-09-09 00:01,,,Lead,"32 North Street, Chichester, PO19 1LX"
178000000000.0,Blackmoon Lighting Ltd,,,blackmoonlighting.com,8,,,James,2025-09-09 00:01,https://blackmoonlighting.com,0131 448 0305,2025-09-09 00:01,,,Lead,"New Eclipse House, Unit 8 Dryden Pl, Loanhead, Edinburgh EH20 9HP"
178000000000.0,WS Planning & Architecture,,,wspa.co.uk,27,,,Ellinor,2025-09-09 00:01,https://wspa.co.uk,01737 225 711,2025-09-09 00:01,,,Lead,"5 Pool House, Bancroft Road, Reigate, Surrey, RH2 7RP"
178000000000.0,Architon LLP,other,,architon.com,11,,,No Owner,2025-09-09 00:01,https://architon.com,,2025-09-09 00:01,,,Other,
178000000000.0,D2 Planning,other,,d2planning.co.uk,11,,,No Owner,2025-09-09 00:01,https://d2planning.co.uk,,2025-09-09 00:01,,,Other,
178000000000.0,Robert Doughty Consultancy Limited,,,rdc-landplan.co.uk,14,,,James,2025-09-09 00:01,https://rdc-landplan.co.uk,01529 421646,2025-09-09 00:01,,,Lead,"32 High Street, Helpringham, Sleaford, Lincolnshire NG34 0RA"
178000000000.0,Manning Elliott Partnership,other,,manning-elliott.co.uk,11,,,No Owner,2025-09-09 00:01,https://manning-elliott.co.uk,,2025-09-09 00:01,,,Other,
178000000000.0,ENJOY DESIGN LTD,other,,enjoy-design.co.uk,11,,,No Owner,2025-09-09 00:01,https://enjoy-design.co.uk,,2025-09-09 00:01,,,Other,
178000000000.0,Ben Cunliffe Architects,other,,bencunliffe.co.uk,11,,,No Owner,2025-09-09 00:01,https://bencunliffe.co.uk,,2025-09-09 00:01,,,Other,
178000000000.0,WH Architects Ltd,other,,wharchitects.co.uk,11,,,No Owner,2025-09-09 00:01,https://wharchitects.co.uk,,2025-09-09 00:01,,,Other,
178000000000.0,MICHAEL DRAIN ARCHITECTS LIMITED,other,,michaeldrain.com,2,,,No Owner,2025-09-09 00:01,https://michaeldrain.com,,2025-09-09 00:01,,,Other,
178000000000.0,Frampton Town Planning Ltd,,,framptons-planning.com,8,,,James,2025-09-09 00:01,https://framptons-planning.com,01295 672 310,2025-09-09 00:01,,,Lead,
178000000000.0,Wellwood Leslie Architects,,,wellwoodleslie.com,24,,,Ellinor,2025-09-09 00:01,https://wellwoodleslie.com,+44 (0)1382 778 829,2025-09-09 00:01,,,Lead,"Fort House, 63 Fort Street, Broughty Ferry, Dundee, DD5 2AB"
178000000000.0,Ashby Design,,,ashbydesign.co.uk,11,,,James Garrett,2025-09-09 00:01,https://ashbydesign.co.uk,01707 270077,2025-09-09 00:01,,,Lead,"13 Arm and Sword Lane, Old Hatfield, Hertfordshire, AL9 5EH"
178000000000.0,COLIN ARMSTRONG ARCHITECTS LTD,,,colinarmstrong.com,11,,,James,2025-09-09 00:01,https://colinarmstrong.com,01463 712288,2025-09-09 00:01,,,Lead,"Lyle House, Fairways Business Park, Inverness, IV2 6AA"
178000000000.0,Alchemy Architects Ltd,other,,alchemyarchitectsltd.com,1,,,No Owner,2025-09-09 00:01,https://alchemyarchitectsltd.com,,2025-09-09 00:01,,,Other,
178000000000.0,Sharps Redmore Acoustic Consultants,other,,sharpsredmore.co.uk,11,,,No Owner,2025-09-09 00:01,https://sharpsredmore.co.uk,,2025-09-09 00:01,,,Other,
178000000000.0,Geddes Architects,,,geddesarchitects.com,11,,,James Garrett,2025-09-09 00:01,https://geddesarchitects.com,,2025-09-09 00:01,,,Lead,"Studio 3.31, Canterbury Court, Kennington Park, 1-3 Brixton Road, London, SW9 6DE, UK"
178000000000.0,The Livemore Partnership,,,livemore.co.uk,21,,,Ellinor,2025-09-09 00:01,https://livemore.co.uk,+44 (0) 1702 714 977,2025-09-09 00:01,,,Lead,"Cobat House, 1446-1448 London Road, Leigh-on-Sea SS9 2UW"
178000000000.0,GD Lodge Architects LLP,,,gdlodge.co.uk,9,,,James,2025-09-09 00:01,https://gdlodge.co.uk,0141 332 6804,2025-09-09 00:01,,,Lead,"Crown House, 152 West Regent Street, Glasgow G2 2RQ"
178000000000.0,The Kalyvides Partnership,other,,kalyvidespartnership.co.uk,11,,,No Owner,2025-09-09 00:01,https://kalyvidespartnership.co.uk,,2025-09-09 00:01,,,Other,
178000000000.0,Groves-Raines Architects Studios,,,gras.co,11,,,James Garrett,2025-09-09 00:01,https://gras.co,,2025-09-09 00:01,,,Lead,
178000000000.0,Small Building Services,,,smallbuildingservices.com,11,,,James Garrett,2025-09-09 00:01,https://smallbuildingservices.com,,2025-09-09 00:01,,,Lead,
178000000000.0,INTBAU,,,intbau.org,26,,,Ellinor,2025-09-09 00:01,https://intbau.org,+44 (0)20 7613 8578,2025-09-09 00:01,,,Lead,"19-22 Charlotte Road, London, EC2A 3SG, UK"
178000000000.0,ARCEN,,,wearearcen.com,11,,,James Garrett,2025-09-09 00:01,https://wearearcen.com,,2025-09-09 00:01,,,Lead,
178000000000.0,Pac Studio,other,,pacstudio.ie,11,,,No Owner,2025-09-09 00:01,https://pacstudio.ie,,2025-09-09 00:01,,,Other,
178000000000.0,Miakoda Designs Ltd,other,,miakodadesigns.co.uk,11,,,No Owner,2025-09-09 00:01,https://miakodadesigns.co.uk,,2025-09-09 00:01,,,Other,
178000000000.0,DV Architects,,,dv-architects.co.uk,11,,,James Garrett,2025-09-09 00:01,https://dv-architects.co.uk,,2025-09-09 00:01,,,Lead,
178000000000.0,Philip Dunbavin Acoustics Ltd,,,pdaltd.com,14,,,James,2025-09-09 00:01,https://pdaltd.com,01925 759380,2025-09-09 00:01,,,Lead,"3 Bridgewater Court, Barsbank Lane, Lymm, Cheshire, WA13 0ER"
178000000000.0,Wyatt Maclaren Llp,,,wyattmaclaren.com,11,,,James Garrett,2025-09-09 00:01,https://wyattmaclaren.com,,2025-09-09 00:01,,,Lead,
178000000000.0,Chadwick International,other,,chadwick-international.com,11,,,No Owner,2025-09-09 00:01,https://chadwick-international.com,,2025-09-09 00:01,,,Other,
178000000000.0,The Hampstead Garden Suburb Trust,,,hgstrust.org,11,,,James Garrett,2025-09-09 00:01,https://hgstrust.org,020 8455 1066,2025-09-09 00:01,,,Lead,"Hampstead Garden Suburb Trust 862 Finchley Road, London NW11 6AB"
178000000000.0,Simply Planning Limited,,,simply-planning.com,9,,,James,2025-09-09 00:01,https://simply-planning.com,020 7935 5880,2025-09-09 00:01,,,Lead,"8/9 Stephen Mews, Gresse Street, London, W1T 1AF"
178000000000.0,Open City,,,open-city.org.uk,9,,,James,2025-09-09 00:01,https://open-city.org.uk,,2025-09-09 00:01,,,Lead,
178000000000.0,NJSR Chartered Architects LLP,,,njsr.co.uk,11,,,James Garrett,2025-09-09 00:01,https://njsr.co.uk,,2025-09-09 00:01,,,Lead,
178000000000.0,FarrimondMacManus Limited,,,farrimondmacmanus.co.uk,11,,,James Garrett,2025-09-09 00:01,https://farrimondmacmanus.co.uk,028 90 387022,2025-09-09 00:01,,,Lead,"City East, Business Centre, 68-72 Newtownards Rd, Belfast BT4 1GW"
178000000000.0,Scottish Historic Buildings Trust,other,,shbt.org.uk,11,,,No Owner,2025-09-09 00:01,https://shbt.org.uk,,2025-09-09 00:01,,,Other,
178000000000.0,Cameo and Partners,other,,cameoandpartners.com,11,,,No Owner,2025-09-09 00:01,https://cameoandpartners.com,,2025-09-09 00:01,,,Other,
178000000000.0,Macro Works,,,macroworks.ie,11,,,James Garrett,2025-09-09 00:01,https://macroworks.ie,,2025-09-09 00:01,,,Lead,
178000000000.0,Brown & Brown Architects,,,brownandbrown.studio,11,,,James,2025-09-09 00:01,https://brownandbrown.studio,01339 352 800,2025-09-09 00:01,,,Lead,"South Wing, Aboyne Castle Centre, Aboyne, AB34 5JP"
178000000000.0,Bunni Studio,,,bunnistudio.com,11,,,James Garrett,2025-09-09 00:01,https://bunnistudio.com,,2025-09-09 00:01,,,Lead,
178000000000.0,LIONEL GREGORY LIMITED,,,lionelgregory.co.uk,11,,,James Garrett,2025-09-09 00:01,https://lionelgregory.co.uk,01202 723 157,2025-09-09 00:01,,,Lead,"Unit J1, Fulcrum Business Park, Vantage Way, Poole, Dorset.BH12 4NU"
178000000000.0,Sts Structural Engineering Ltd,,,sts-se.co.uk,11,,,James Garrett,2025-09-09 00:01,https://sts-se.co.uk,,2025-09-09 00:01,,,Lead,
178000000000.0,Mason Gillibrand Architects,,,masongillibrand.com,11,,,James Garrett,2025-09-09 00:01,https://masongillibrand.com,,2025-09-09 00:01,,,Lead,
178000000000.0,Architects-Group…Sadler Brown®…Design_North®,,,architects-group.com,21,,,Ellinor,2025-09-09 00:01,https://architects-group.com,+44 (0) 191 265 7080,2025-09-09 00:01,,,Lead,"4 AirView Park, Woolsington, Newcastle upon Tyne, NE13 8BR"
178000000000.0,Michael Jones Architects Ltd,,,mjarchitects.co.uk,17,,,Ellinor,2025-09-09 00:01,https://mjarchitects.co.uk,020 8948 1863,2025-09-09 00:01,,,Lead,"129 Kew Road, Richmond, Surrey, TW9 2PN"
178000000000.0,Haydon Finch Ltd,,,haydonfinch.co.uk,11,,,James Garrett,2025-09-09 00:01,https://haydonfinch.co.uk,,2025-09-09 00:01,,,Lead,
178000000000.0,ATA design,,,atadesign.co.uk,11,,,James Garrett,2025-09-09 00:01,https://atadesign.co.uk,,2025-09-09 00:01,,,Lead,
178000000000.0,Jones Lambell Ellis Studio,,,jlestudio.co.uk,10,,,James,2025-09-09 00:01,https://jlestudio.co.uk,(020)7801 0822,2025-09-09 00:01,,,Lead,"Studio 2, One Eastfields Avenue, London, SW18 1FQ"
178000000000.0,Barron Edwards Sterling,other,,barronedwards.co.uk,11,,,No Owner,2025-09-09 00:01,https://barronedwards.co.uk,,2025-09-09 00:01,,,Other,
178000000000.0,Studiorogers Architects,,,studiorogers.com,10,,,James,2025-09-09 00:01,https://studiorogers.com,+44 28 7032 9090,2025-09-09 00:01,,,Lead,"1 Mountsandel Road, Coleraine, Northern Ireland, BT52 1JB"
178000000000.0,Manalo & White,,,manaloandwhite.co.uk,11,,,James Garrett,2025-09-09 00:01,https://manaloandwhite.co.uk,,2025-09-09 00:01,,,Lead,
178000000000.0,JANE DUNCAN ARCHITECTS LIMITED,,,janeduncanarchitects.co.uk,11,,,James Garrett,2025-09-09 00:01,https://janeduncanarchitects.co.uk,,2025-09-09 00:01,,,Lead,
178000000000.0,21SPACES,,,21spaces.com,11,,,James Garrett,2025-09-09 00:01,https://21spaces.com,+353 1 552 3636,2025-09-09 00:01,,,Lead,"63 The Strand, 149 North Strand, Dublin 3, Ireland"
178000000000.0,JOHN POTTER ARCHITECT LIMITED,,,johnpotterarchitect.com,11,,,James Garrett,2025-09-09 00:01,https://johnpotterarchitect.com,,2025-09-09 00:01,,,Lead,
178000000000.0,John Brown Architecture Limited,,,jbarch.co.uk,11,,,James Garrett,2025-09-09 00:01,https://jbarch.co.uk,,2025-09-09 00:01,,,Lead,
178000000000.0,Lee Boyd Architects and Designers,other,,leeboyd.com,11,,,No Owner,2025-09-09 00:01,https://leeboyd.com,,2025-09-09 00:01,,,Other,
178000000000.0,Re-Format,,,re-format.co.uk,26,,,Ellinor,2025-09-09 00:01,https://re-format.co.uk,+44 (0)1730 778778,2025-09-09 00:01,,,Lead,"1 Buckmore Studios, Buckmore Lane, Petersfield, Hampshire, GU32 3FX"
179000000000.0,PWP Architects,other,,pwp-architects.com,11,,,No Owner,2025-09-09 00:01,https://pwp-architects.com,,2025-09-09 00:01,,,Other,
179000000000.0,CS Pringle,other,,cspringle.com,11,,,No Owner,2025-09-09 00:01,https://cspringle.com,,2025-09-09 00:01,,,Other,
179000000000.0,MJP Architects,other,,mjparchitects.co.uk,11,,,No Owner,2025-09-09 00:01,https://mjparchitects.co.uk,,2025-09-09 00:01,,,Other,
179000000000.0,Julian Cowie Architects Limited,,,jc-architects.co.uk,11,,,James Garrett,2025-09-09 00:01,https://jc-architects.co.uk,,2025-09-09 00:01,,,Lead,
179000000000.0,Inverse Lighting Design Ltd.,,,inverselighting.co.uk,15,,,James,2025-09-09 00:01,https://inverselighting.co.uk,+44(0)207 708 2749,2025-09-09 00:01,,,Lead,"2A Peacockyard, Iliffe Street, SE17 3LH, London"
179000000000.0,Randell Design Group,other,,randelldesigngroup.com,11,,,No Owner,2025-09-09 00:01,https://randelldesigngroup.com,,2025-09-09 00:01,,,Other,
179000000000.0,TACP Architects Ltd,,,tacparchitects.co.uk,19,,,Ellinor,2025-09-09 00:01,https://tacparchitects.co.uk,01978 291161,2025-09-09 00:01,,,Lead,"Pembroke House, Ellice Way Wrexham Technology Park, Wrexham LL13 7YT"
179000000000.0,BURR DESIGN ASSOCIATES LIMITED,,,burrdesign.co.uk,11,,,James Garrett,2025-09-09 00:01,https://burrdesign.co.uk,,2025-09-09 00:01,,,Lead,
179000000000.0,John Coward Architects,,,johncowardarchitects.co.uk,11,,,James Garrett,2025-09-09 00:01,https://johncowardarchitects.co.uk,,2025-09-09 00:01,,,Lead,
179000000000.0,Smith + Kennedy Architects,,,smithkennedy.ie,11,,,James Garrett,2025-09-09 00:01,https://smithkennedy.ie,,2025-09-09 00:01,,,Lead,
179000000000.0,Fullbrook Nursery,other,,fullbrookplants.co.uk,11,,,No Owner,2025-09-09 00:01,https://fullbrookplants.co.uk,,2025-09-09 00:01,,,Other,
179000000000.0,DLA Town Planning Ltd,,,dlatownplanning.com,11,,,James Garrett,2025-09-09 00:01,https://dlatownplanning.com,,2025-09-09 00:01,,,Lead,
179000000000.0,frontload,,,frontload.co.uk,11,,,James Garrett,2025-09-09 00:01,https://frontload.co.uk,,2025-09-09 00:01,,,Lead,
179000000000.0,CSK Architects,,,cskarchitects.co.uk,10,,,James,2025-09-09 00:01,https://cskarchitects.co.uk,01753 840519,2025-09-09 00:01,,,Lead,"93A High Street, Eton, Berkshire SL4 6AF, United Kingdom"
179000000000.0,Kampus International Ltd,,,thekampus.co.uk,11,,,James Garrett,2025-09-09 00:01,https://thekampus.co.uk,,2025-09-09 00:01,,,Lead,
179000000000.0,apt. Design Ltd,other,,apt-design.co.uk,2,,,No Owner,2025-09-09 00:01,https://apt-design.co.uk,,2025-09-09 00:01,,,Other,
179000000000.0,Wyvern Partnership LLP,,,wyvernpartnership.co.uk,25,,,Ellinor,2025-09-09 00:01,https://wyvernpartnership.co.uk,01380 723532,2025-09-09 00:01,,,Lead,"10 Long Street, Devizes, England, GB"
179000000000.0,RG Partnership Ltd,,,rgp.uk.com,31,,,Ellinor,2025-09-09 00:01,https://rgp.uk.com,0161 797 6000,2025-09-09 00:01,,,Lead,"105 Manchester Road, Bury, Lancashire, BL9 0TD"
179000000000.0,BDS Architecture & Interior Design,other,,bds-architecture.com,11,,,No Owner,2025-09-09 00:01,https://bds-architecture.com,,2025-09-09 00:01,,,Other,
179000000000.0,BBA Architects Ltd,,,bba-architects.co.uk,9,,,James,2025-09-09 00:01,https://bba-architects.co.uk,01225 460427,2025-09-09 00:01,,,Lead,"The Studio, Darlington Wharf, Darlington Road, Bath, BA2 6NL"
179000000000.0,AMBS Architects,,,ambsarchitects.com,11,,,James Garrett,2025-09-09 00:01,https://ambsarchitects.com,,2025-09-09 00:01,,,Lead,
179000000000.0,Simon Conder Associates Limited,other,,simonconder.co.uk,11,,,No Owner,2025-09-09 00:01,https://simonconder.co.uk,,2025-09-09 00:01,,,Other,
179000000000.0,Skyline CG,other,,skylinecg.com,11,,,No Owner,2025-09-09 00:01,https://skylinecg.com,,2025-09-09 00:01,,,Other,
179000000000.0,PWLC Projects,other,,pwlcprojects.co.uk,11,,,No Owner,2025-09-09 00:01,https://pwlcprojects.co.uk,,2025-09-09 00:01,,,Other,
179000000000.0,Leander Architectural,,,leanderuk.com,11,,,James Garrett,2025-09-09 00:01,https://leanderuk.com,,2025-09-09 00:01,,,Lead,
179000000000.0,PEARN AND PROCTER LIMITED,other,,pearnandprocter.co.uk,11,,,No Owner,2025-09-09 00:01,https://pearnandprocter.co.uk/news1.html,,2025-09-09 00:01,,,Other,
179000000000.0,Julian Harrap Architects LLP,,,julianharraparchitects.co.uk,11,,,James Garrett,2025-09-09 00:01,https://julianharraparchitects.co.uk,,2025-09-09 00:01,,,Lead,
179000000000.0,Calibre Climate,,,calibreclimate.com,23,,,Ellinor,2025-09-09 00:01,https://calibreclimate.com,020 3191 9131,2025-09-09 00:01,,,Lead,"Noble House, Eaton Road, Hemel Hempstead, HP2 7UB"
179000000000.0,Herbert & Partners (Architecture) Limited,,,handparchitects.com,11,,,James Garrett,2025-09-09 00:01,https://handparchitects.com,020 8953 2020,2025-09-09 00:01,,,Lead,"Fennels Lodge, St. Peters Close, High Wycombe, Buckinghamshire, HP11 1JT"
179000000000.0,The Noble Consultancy Ltd,other,,noble-consultancy.co.uk,11,,,No Owner,2025-09-09 00:01,https://noble-consultancy.co.uk,,2025-09-09 00:01,,,Other,
179000000000.0,Witherford Watson Mann architects,,,wwmarchitects.co.uk,11,,,James Garrett,2025-09-09 00:01,https://wwmarchitects.co.uk,,2025-09-09 00:01,,,Lead,
179000000000.0,Bisset Adams,other,,bissetadams.co.uk,11,,,No Owner,2025-09-09 00:01,https://bissetadams.co.uk,,2025-09-09 00:01,,,Other,
179000000000.0,ALPHA SCOT,other,,alpha.scot,11,,,No Owner,2025-09-09 00:01,https://alpha.scot,,2025-09-09 00:01,,,Other,
179000000000.0,Dennis Sharp Architects,,,sharparchitects.co.uk,11,,,James Garrett,2025-09-09 00:01,https://sharparchitects.co.uk,,2025-09-09 00:01,,,Lead,
179000000000.0,Penwarden Hale Architects,,,penwardenhale.co.uk,11,,,James Garrett,2025-09-09 00:01,https://penwardenhale.co.uk,01865 591457,2025-09-09 00:01,,,Lead,"Room 1, Bury Knowle House, North Place, Headington, Oxford, OX3 9HY"
179000000000.0,ARMSTRONG RIGG PLANNING LIMITED,,,arplanning.co.uk,6,,,James,2025-09-09 00:01,https://arplanning.co.uk,01234 867135,2025-09-09 00:01,,,Lead,"The Exchange, Colworth Science Park, Sharnbrook, Bedford, MK44 1LZ"
179000000000.0,Spring Design,,,spring-consultancy.co.uk,11,,,James Garrett,2025-09-09 00:01,https://spring-consultancy.co.uk,,2025-09-09 00:01,,,Lead,
178000000000.0,Synergy Architects Limited,other,,synergyarchitects.co.uk,11,,,No Owner,2025-09-09 00:01,https://synergyarchitects.co.uk,,2025-09-09 00:01,,,Other,
178000000000.0,LITE Architectural,,,lite-ltd.co.uk,11,,,James Garrett,2025-09-09 00:01,https://lite-ltd.co.uk,,2025-09-09 00:01,,,Lead,
178000000000.0,Charlie Luxton Design,,,charlieluxtondesign.com,11,,,James Garrett,2025-09-09 00:01,https://charlieluxtondesign.com,+44 (0)1608 658 822,2025-09-09 00:01,,,Lead,"The Old Chapel, Hook Norton, Oxfordshire, OX15 5LG"
178000000000.0,Courtney Deery Heritage Consultancy Ltd.,,,courtneydeery.ie,11,,,James Garrett,2025-09-09 00:01,https://courtneydeery.ie,,2025-09-09 00:01,,,Lead,
178000000000.0,Studio U+A,other,,studioua.com,11,,,No Owner,2025-09-09 00:01,https://studioua.com,,2025-09-09 00:01,,,Other,
178000000000.0,Mellor Architects,other,,mellorarchitects.com,1,,,No Owner,2025-09-09 00:01,https://mellorarchitects.com,,2025-09-09 00:01,,,Other,
178000000000.0,ASTLE PLANNING AND DESIGN LIMITED,,,astlepd.co.uk,10,,,James,2025-09-09 00:01,https://astlepd.co.uk,01244 886644,2025-09-09 00:01,,,Lead,"The Old Church Hall, 97B Christleton Road, Boughton, Chester, CH3 5UQ"
178000000000.0,Lea Hough Chartered Surveyors,,,leahough.co.uk,11,,,James Garrett,2025-09-09 00:01,https://leahough.co.uk,,2025-09-09 00:01,,,Lead,
178000000000.0,Artel31,,,artel31.co.uk,11,,,James Garrett,2025-09-09 00:01,https://artel31.co.uk,01249 445656,2025-09-09 00:01,,,Lead,"5 Union Road, Chippenham, Wiltshire, SN15 1HW"
178000000000.0,BBF FIELDING LIMITED,other,,bbf-fielding.co.uk,3,,,No Owner,2025-09-09 00:01,https://bbf-fielding.co.uk,,2025-09-09 00:01,,,Other,
178000000000.0,Samuel Stevenson & Sons Ltd,other,,samuel-stevenson.co.uk,11,,,No Owner,2025-09-09 00:01,https://samuel-stevenson.co.uk,,2025-09-09 00:01,,,Other,
178000000000.0,The JTS Partnership LLP,,,jtspartnership.co.uk,5,,,James,2025-09-09 00:01,https://jtspartnership.co.uk,01277 224664,2025-09-09 00:01,,,Lead,"Number One, The Drive, Great Warley, Brentwood, Essex, CM13 3DJ"
178000000000.0,MES Building Solutions,,,mesbuildingsolutions.co.uk,11,,,James Garrett,2025-09-09 00:01,https://mesbuildingsolutions.co.uk,,2025-09-09 00:01,,,Lead,
178000000000.0,MCK ASSOCIATES LIMITED,,,mckassociates.co.uk,16,,,Ellinor,2025-09-09 00:01,https://mckassociates.co.uk,01772 774510,2025-09-09 00:01,,,Lead,"Burnaby Villa, 48 Watling Street Road, Fulwood, Preston, Lancashire, PR2 8BP"
178000000000.0,Lynch Architects,,,lyncharchitects.com,16,,,Ellinor,2025-09-09 00:01,https://lyncharchitects.com,+44 (0)20 7278 2553,2025-09-09 00:01,,,Lead,"Unit 66 Regent Studios, 8 Andrews Road, London E8 4QN"
178000000000.0,Freeland Rees Roberts Architects,,,frrarchitects.co.uk,12,,,James,2025-09-09 00:01,https://frrarchitects.co.uk,+44 (0)1223 366 555,2025-09-09 00:01,,,Lead,"25 City Road, Cambridge, United Kingdom, CB1 1DP"
178000000000.0,Bell Cornwell LLP Planning Consultants,other,,bell-cornwell.co.uk,11,,,No Owner,2025-09-09 00:01,https://bell-cornwell.co.uk,,2025-09-09 00:01,,,Other,
178000000000.0,Places of ARcture,other,,placesofarcture.com,11,,,No Owner,2025-09-09 00:01,https://placesofarcture.com,,2025-09-09 00:01,,,Other,
178000000000.0,CHATSWORTH FORGE LIMITED,other,,chatsworthforge.co.uk,11,,,No Owner,2025-09-09 00:01,https://chatsworthforge.co.uk,,2025-09-09 00:01,,,Other,
178000000000.0,Hamilton Young Architects,other,,hamiltonyoungarchitects.com,11,,,No Owner,2025-09-09 00:01,https://hamiltonyoungarchitects.com,,2025-09-09 00:01,,,Other,
178000000000.0,Ay Architects Llp,,,ayarchitects.com,11,,,James Garrett,2025-09-09 00:01,https://ayarchitects.com,,2025-09-09 00:01,,,Lead,
178000000000.0,Powell Tuck Associates,,,powelltuckassociates.co.uk,11,,,James Garrett,2025-09-09 00:01,https://powelltuckassociates.co.uk,+44 (0)20 8749 7700,2025-09-09 00:01,,,Lead,"6 Stamford Brook Road, London, W6 0XH"
178000000000.0,Upshoot,,,upshoot.co.uk,11,,,James Garrett,2025-09-09 00:01,https://upshoot.co.uk,0117 951 2525,2025-09-09 00:01,,,Lead,"Studio 10, The Old Co-op, 38-42 Chelsea Road, Easton, Bristol, BS5 6AF"
178000000000.0,Stonehealth Ltd,other,,stonehealth.com,11,,,No Owner,2025-09-09 00:01,https://stonehealth.com,,2025-09-09 00:01,,,Other,
178000000000.0,NEW masterplanning,,,newmasterplanning.com,5,,,James,2025-09-09 00:01,https://newmasterplanning.com,+44 (0)1202 742228,2025-09-09 00:01,,,Lead,"107 Bournemouth Road, 2nd floor, Poole, BH14 9HR"
178000000000.0,Link Engineering,other,,linkeng.co.uk,11,,,No Owner,2025-09-09 00:01,https://linkeng.co.uk,,2025-09-09 00:01,,,Other,
178000000000.0,Patalab Architects,,,patalab.com,13,,,James,2025-09-09 00:01,https://patalab.com,+44(0)20 7253 2036,2025-09-09 00:01,,,Lead,"15 Garrett Street, London EC1Y 0TY, United Kingdom"
178000000000.0,EDGINGTONS ARCHITECTS,,,edgingtons.co.uk,11,,,James Garrett,2025-09-09 00:01,https://edgingtons.co.uk,,2025-09-09 00:01,,,Lead,
178000000000.0,Studio Anyo,,,studioanyo.com,5,,,James,2025-09-09 00:01,https://studioanyo.com,020 4526 8965,2025-09-09 00:01,,,Lead,"3rd floor, 9 Devonshire Square, London, EC2M 4YD"
178000000000.0,Howard - Fairbairn : MHK,other,,hfmhk.com,11,,,No Owner,2025-09-09 00:01,https://hfmhk.com,,2025-09-09 00:01,,,Other,
178000000000.0,Fuller Long - HEA,,,fullerlong.com,11,,,James Garrett,2025-09-09 00:01,https://fullerlong.com,020 3823 6660,2025-09-09 00:01,,,Lead,"40-42 Parker Street, London, WC2B 5PQ"
178000000000.0,CSM+Architects LLP,,,csmarchitects.co.uk,5,,,James,2025-09-09 00:01,https://csmarchitects.co.uk,+44 191 260 2450,2025-09-09 00:01,,,Lead,"1 Boyd Street, Shieldfield, Newcastle upon Tyne, NE2 1AP"
178000000000.0,E8 Architecture,,,e8architecture.co.uk,11,,,James Garrett,2025-09-09 00:01,https://e8architecture.co.uk,+44 20 3994 8571,2025-09-09 00:01,,,Lead,"E8 Design Ltd, 11-13 Wakley Street, London EC1V 7LT"
178000000000.0,Tyack Architects Ltd,,,tyackarchitects.com,11,,,James Garrett,2025-09-09 00:01,https://tyackarchitects.com,,2025-09-09 00:01,,,Lead,
178000000000.0,Urban3D,,,urban3d.net,14,,,James,2025-09-09 00:01,https://urban3d.net,+44 (0) 2871 279700,2025-09-09 00:01,,,Lead,"116 Schoolhouse Lane, Ebrington, Derry, BT47 6HD"
178000000000.0,PREMIER LIFT GROUP,,,premierliftgroup.co.uk,11,,,James Garrett,2025-09-09 00:01,https://premierliftgroup.co.uk,020 3355 0523,2025-09-09 00:01,,,Lead,"Unit C10, Heathrow Corporate Park, Hounslow, TW4 6ER"
178000000000.0,FRONT. Architecture,,,front-architecture.co.uk,11,,,James Garrett,2025-09-09 00:01,https://front-architecture.co.uk,,2025-09-09 00:01,,,Lead,
178000000000.0,Pipers Events,other,,pipersmodelmakers.co.uk,11,,,No Owner,2025-09-09 00:01,https://pipersmodelmakers.co.uk,,2025-09-09 00:01,,,Other,
178000000000.0,ERMC Limited,other,,ermc.co.uk,11,,,No Owner,2025-09-09 00:01,https://ermc.co.uk,,2025-09-09 00:01,,,Other,
178000000000.0,Planning Potential,,,planningpotential.co.uk,11,,,James Garrett,2025-09-09 00:01,https://planningpotential.co.uk,,2025-09-09 00:01,,,Lead,
178000000000.0,Perfect Planning Architectural and Construction Services Limited,,,perfect-planning.co.uk,11,,,James Garrett,2025-09-09 00:01,https://perfect-planning.co.uk,,2025-09-09 00:01,,,Lead,
178000000000.0,Alpine Property Group Ltd,other,,alpinesurveys.co.uk,11,,,No Owner,2025-09-09 00:01,https://alpinesurveys.co.uk,,2025-09-09 00:01,,,Other,
177000000000.0,John Halligan Architects,other,,jharch.ie,3,,United Kingdom,No Owner,2025-09-09 00:01,https://jharch.ie,,2025-09-09 00:01,united kingdom,,Other,
177000000000.0,Markam Associates Ltd,other,,markamassociates.com,11,,United Kingdom,No Owner,2025-09-09 00:01,https://markamassociates.com,,2025-09-09 00:01,united kingdom,,Other,
177000000000.0,McGovern Surveyors,,,mcgovernsurveyors.ie,11,,United Kingdom,James Garrett,2025-09-09 00:01,https://mcgovernsurveyors.ie,,2025-09-09 00:01,united kingdom,,Lead,
177000000000.0,LMA Architects,,,l-m-a.co.uk,21,,United Kingdom,Ellinor,2025-09-09 00:01,https://l-m-a.co.uk,0141 264 2991,2025-09-09 00:01,united kingdom,,Lead,"Suite 11, The Townhouse, 276 St Vincent Street, Glasgow, G2 5RL"
177000000000.0,Verity & Beverley Ltd,,,verity-beverley.co.uk,23,,United Kingdom,Ellinor,2025-09-09 00:01,https://verity-beverley.co.uk,+44 (0)1666 503516,2025-09-09 00:01,united kingdom,,Lead,"The Coach House, 4 The Chipping, Tetbury, Gloucestershire, GL8 8ET"
177000000000.0,Smart Planning Ltd,other,,smartplanning.co.uk,11,,United Kingdom,No Owner,2025-09-09 00:01,https://smartplanning.co.uk,,2025-09-09 00:01,united kingdom,,Other,
177000000000.0,APS ARCHITECTS LLP,,,aps-architects.co.uk,11,,United Kingdom,James Garrett,2025-09-09 00:01,https://aps-architects.co.uk,,2025-09-09 00:01,united kingdom,,Lead,
177000000000.0,Architecture and Design Scotland (A&DS),other,,ads.org.uk,3,,United Kingdom,No Owner,2025-09-09 00:01,https://ads.org.uk,,2025-09-09 00:01,united kingdom,,Other,
177000000000.0,Latitude Architects,,,latitudearchitects.com,11,,United Kingdom,James Garrett,2025-09-09 00:01,https://latitudearchitects.com,,2025-09-09 00:01,united kingdom,,Lead,
177000000000.0,Pringle Richards Sharratt Architects,,,prsarchitects.com,20,,United Kingdom,Ellinor,2025-09-09 00:01,https://prsarchitects.com,+44 (0)20 7793 2828,2025-09-09 00:01,united kingdom,,Lead,"Studio 4, 33 Stannary Street, London SE11 4AA, United Kingdom"
177000000000.0,ASSIST Design,,,assistdesign.co.uk,11,,United Kingdom,James Garrett,2025-09-09 00:01,https://assistdesign.co.uk,0131 555 5700,2025-09-09 00:01,united kingdom,,Lead,"18 Forth Street, Edinburgh, EH1 3LH"
177000000000.0,Crawford Higgins Associates,other,,crawfordhiggins.co.uk,11,,United Kingdom,No Owner,2025-09-09 00:01,https://crawfordhiggins.co.uk,,2025-09-09 00:01,united kingdom,,Other,
177000000000.0,Arc Plan,,,arcplan.co.uk,11,,United Kingdom,James Garrett,2025-09-09 00:01,https://arcplan.co.uk,,2025-09-09 00:01,united kingdom,,Lead,
177000000000.0,Studio INTEGRATE,other,,studiointegrate.com,11,,United Kingdom,No Owner,2025-09-09 00:01,https://studiointegrate.com,,2025-09-09 00:01,united kingdom,,Other,
177000000000.0,Roger Coy Partnership Ltd.,other,,rogercoy.co.uk,4,,United Kingdom,No Owner,2025-09-09 00:01,https://rogercoy.co.uk,,2025-09-09 00:01,united kingdom,,Other,
177000000000.0,AMS Planning,other,,amsplanning.co.uk,11,Ripon,United Kingdom,No Owner,2025-09-09 00:01,https://amsplanning.co.uk,,2025-09-09 00:01,united kingdom,,Other,
177000000000.0,Hoban Design,other,,hobandesign.co.uk,11,,United Kingdom,No Owner,2025-09-09 00:01,https://hobandesign.co.uk,,2025-09-09 00:01,united kingdom,,Other,
177000000000.0,Progress Planning,,,progressplanning.co.uk,11,,United Kingdom,James Garrett,2025-09-09 00:01,https://progressplanning.co.uk,,2025-09-09 00:01,united kingdom,,Lead,
177000000000.0,Hankinson Duckett Associates,,,hda-enviro.co.uk,11,,United Kingdom,James Garrett,2025-09-09 00:01,https://hda-enviro.co.uk,01932 348785,2025-09-09 00:01,united kingdom,,Lead,"Lincoln House, 23-25 Old Woking Road, West Byfleet, Surrey, KT14 6LG"
177000000000.0,Jonathan Dunn Architects,other,,jdarchitects.co.uk,4,,United Kingdom,No Owner,2025-09-09 00:01,https://jdarchitects.co.uk,,2025-09-09 00:01,united kingdom,,Other,
177000000000.0,Paul Archer Design,,,paularcherdesign.co.uk,11,,United Kingdom,James Garrett,2025-09-09 00:01,https://paularcherdesign.co.uk,+44 (0)20 3668 2660,2025-09-09 00:01,united kingdom,,Lead,"28-30 Rivington Street, London, EC2A 3DU"
177000000000.0,PLC Architects,,,plcarchitects.com,12,,United Kingdom,James,2025-09-09 00:01,https://plcarchitects.com,02392 755 333,2025-09-09 00:01,united kingdom,,Lead,"Lansdowne House 25-26 Hampshire Terrace, Portsmouth, PO1 2QF"
177000000000.0,Laister Planning Ltd,,,laister.co.uk,13,,United Kingdom,James,2025-09-09 00:01,https://laister.co.uk,01608 238 282,2025-09-09 00:01,united kingdom,,Lead,"Ground Floor, Oddfellows Hall, London Road, Chipping Norton, Oxon, OX7 5AR"
177000000000.0,Kilburn Nightingale Architects Ltd,,,kilburnnightingale.com,11,,United Kingdom,James Garrett,2025-09-09 00:01,https://kilburnnightingale.com,,2025-09-09 00:01,united kingdom,,Lead,
177000000000.0,ACCENT Office Interiors Ltd,,,accentoffice.co.uk,11,,United Kingdom,James Garrett,2025-09-09 00:01,https://accentoffice.co.uk,,2025-09-09 00:01,united kingdom,,Lead,
177000000000.0,Zesta Planning Ltd,,,zestaplanning.co.uk,11,,United Kingdom,James Garrett,2025-09-09 00:01,https://zestaplanning.co.uk,,2025-09-09 00:01,united kingdom,,Lead,
177000000000.0,dpsq,other,,design-squared.eu,11,,United Kingdom,No Owner,2025-09-09 00:01,https://design-squared.eu,,2025-09-09 00:01,united kingdom,,Other,
177000000000.0,Chartered Institute of Architectural Technologists (CIAT),,,architecturaltechnology.com,11,,United Kingdom,James Garrett,2025-09-09 00:01,https://architecturaltechnology.com,,2025-09-09 00:01,united kingdom,,Lead,
177000000000.0,Foggo Associates,other,,foggo.com,11,,United Kingdom,No Owner,2025-09-09 00:01,https://foggo.com,,2025-09-09 00:01,united kingdom,,Other,
177000000000.0,Lippe Architects + Planners Ltd,other,,lippe-architects.co.uk,11,,United Kingdom,No Owner,2025-09-09 00:01,https://lippe-architects.co.uk,,2025-09-09 00:01,united kingdom,,Other,
177000000000.0,Stanhope Gate Architecture Ltd,,,stanhopegatearchitecture.com,23,,United Kingdom,Ellinor,2025-09-09 00:01,https://stanhopegatearchitecture.com,+44 (0) 20 7451 0955,2025-09-09 00:01,united kingdom,,Lead,"5 St James’s Square, London, SW1Y 4JU"
177000000000.0,MRT Architects LLP,,,mrtarchitects.co.uk,11,,United Kingdom,James Garrett,2025-09-09 00:01,https://mrtarchitects.co.uk,,2025-09-09 00:01,united kingdom,,Lead,
177000000000.0,Orange Design Studio,other,,orangedesignstudio.co.uk,8,Huddersfield,United Kingdom,No Owner,2025-09-09 00:01,https://orangedesignstudio.co.uk,01924 650930,2025-09-09 00:01,united kingdom,,Other,59A Huddersfield Rd.
177000000000.0,TMV Architects,,,tmvarchitects.co.uk,1,,United Kingdom,James Garrett,2025-09-09 00:01,https://tmvarchitects.co.uk,,2025-09-09 00:01,united kingdom,,Lead,
176000000000.0,ADM Surveyors Limited,other,,admsurveyors.co.uk,2,leicester,United Kingdom,No Owner,2025-09-09 00:01,https://admsurveyors.co.uk,0116 277 5527,2025-09-09 00:01,united kingdom,,Other,
176000000000.0,PARKdesigned Architects,,,parkdesigned.com,6,leeds,United Kingdom,James,2025-09-09 00:01,https://parkdesigned.com,0113 819 8057,2025-09-09 00:01,united kingdom,,Lead,"The Loft, Unit 13 Carlton Mills, Pickering Street, LS12 2QG
Seven Pancras Square, 7 King's Blvd, N1C 4AG"
176000000000.0,SDA Architects (UK),,,sdaarchitects.co.uk,11,Leeds,United Kingdom,James Garrett,2025-09-09 00:01,https://sdaarchitects.co.uk, +44 (0)113 288 1000,2025-09-09 00:01,united kingdom,,Lead,
176000000000.0,Edward Architects,,,edwardarchitecture.co.uk,11,Leeds,United Kingdom,James Garrett,2025-09-09 00:01,https://edwardarchitecture.co.uk,0113 819 8041,2025-09-09 00:01,united kingdom,,Lead,
176000000000.0,Cunniff Design,,,cunniffdesign.com,9,Leeds,United Kingdom,James,2025-09-09 00:01,https://cunniffdesign.com,+44 113 219 1333,2025-09-09 00:01,united kingdom,,Nurturing,"1A Brewery Place, Brewery Wharf, Leeds, W Yorkshire, LS10 1NE"
176000000000.0,HALLIDAY CLARK ARCHITECTS,,Architecture,hallidayclark.co.uk,5,leeds,United Kingdom,James Garrett,2025-09-09 00:01,https://hallidayclark.co.uk,+44 (0) 1943 604123,2025-09-09 00:01,united kingdom,,Lead,"The Point, 1 Lower Railway Road, Ilkley, LS29 8FL"
176000000000.0,Coleflax Bennett Architecture,,,cbarch.co.uk,1,,United Kingdom,James Garrett,2025-09-09 00:01,https://cbarch.co.uk,,2025-09-09 00:01,united kingdom,,Lead,
176000000000.0,James Boon Architects,other,,jamesboonarchitects.co.uk,1,,United Kingdom,No Owner,2025-09-09 00:01,https://jamesboonarchitects.co.uk,,2025-09-09 00:01,united kingdom,,Other,
174000000000.0,Richmond Bell Architects,,,www.richmondbellarchitects.com,7,Winchester,United Kingdom,James Garrett,2025-09-09 00:01,www.richmondbellarchitects.com,01722 324 835,2025-09-09 00:01,,,Lead,"20 Milford Street, Salisbury, Wiltshire, SP1 2AP"
173000000000.0,Saunders Architects,,,www.saundersarchitects.co.uk,9,Southampton,United Kingdom,James Garrett,2025-09-09 00:01,www.saundersarchitects.co.uk,4.40E+12,2025-09-09 00:01,,,Nurturing,
173000000000.0,The Goddard Partnership,,,www.thegoddardpartnership.com,6,Southampton,,James Garrett,2025-09-09 00:01,www.thegoddardpartnership.com,4.40E+12,2025-09-09 00:01,,,Lead,
182000000000.0,Forum Architecture,,,forumarchitecture.co.uk,5,Southampton,United States,James Garrett,2025-09-09 00:01,forumarchitecture.co.uk, +1407-830-1400,2025-09-09 00:01,United States,Architecture & Planning,Lead,237 S Westmonte Dr
173000000000.0,HPW Architecture,,,www.hpw.co.uk,9,southampton,United Kingdom,James Garrett,2025-09-09 00:01,www.hpw.co.uk,4.40E+12,2025-09-09 00:01,,,Lead,
172000000000.0,GPW Architects,,,www.gpwarchitects.co.uk,2,Melton Mowbray,United Kingdom,James Garrett,2025-09-09 00:01,www.gpwarchitects.co.uk,01664 669 663,2025-09-09 00:01,,,Lead,"1A Leicester Street, Melton Mowbray, Leicestershire, LE13 0PP"
147000000000.0,Architecture for London,other,,architectureforlondon.com,11,,,No Owner,2025-09-09 00:01,architectureforlondon.com,,2025-09-09 00:01,,,Other,
144000000000.0,Ayshford Sansome,,,ayshford.com,8,,,James Garrett,2025-09-09 00:01,ayshford.com,01825 762 733,2025-09-09 00:01,,,Lead,"The Old Mill, Mill Lane, Uckfield, East Sussex, TN22 5AA"
139000000000.0,Masterplan Building Design,,,masterplanbd.com,1,,,James Garrett,2025-09-09 00:01,masterplanbd.com,(877) 573-7526,2025-09-09 00:01,,,Nurturing,"13539 MO-52, Versailles Missouri 65084"
129000000000.0,Max construction plc,other,,,6,,,No Owner,2025-09-09 00:01,,,2025-09-09 00:01,,,Other,
119000000000.0,MDLR Architects,,,mdlr-architects.co.uk,8,London,United Kingdom,James Garrett,2025-09-09 00:01,mdlr-architects.co.uk,,2025-09-09 00:01,United Kingdom,Architecture & Planning,Lead,5A Iliffe Yard
118000000000.0,Studio Partington,,,studiopartington.co.uk,10,London,United Kingdom,James Garrett,2025-09-09 00:01,studiopartington.co.uk,,2025-09-09 00:01,United Kingdom,Architecture & Planning,Lead,
118000000000.0,Urban Mesh Design,,,urbanmesh.com,10,London,United Kingdom,James Garrett,2025-09-09 00:01,urbanmesh.com,020 7600 0930,2025-09-09 00:01,United Kingdom,Architecture & Planning,Lead,"9 Newbury Street, London, EC1A 7HU"
106000000000.0,ADP Architecture and Design Limited,,,adp-architects.com,7,Holmfirth,United Kingdom,James Garrett,2025-09-09 00:01,adp-architects.com,,2025-09-09 00:01,United Kingdom,Architecture & Planning,Nurturing,16 Bridge Lane
104000000000.0,Studio Local,,,studio-local.com,3,Kansas City,United States,James Garrett,2025-09-09 00:01,studio-local.com, +1 816-408-0880,2025-09-09 00:01,United States,Architecture & Planning,Opportunity,800 West 47th Street
88457293020.0,La architects,,,la-architects.co.uk,11,,,James Garrett,2025-09-09 00:01,https://la-architects.co.uk,,2025-09-09 00:01,,,Lead,
76412072159.0,AMA,,Architecture,ama.design,10,Dubai,United Arab Emirates,James Garrett,2025-09-09 00:01,ama.design,,2025-09-09 00:01,United Arab Emirates,Architecture & Planning,Lead,
52797352161.0,JMP Architecture Ltd,,,jmparchitecture.co.uk,5,,,James Garrett,2025-09-09 00:01,jmparchitecture.co.uk,,2025-09-09 00:01,,,Nurturing,
51025853689.0,All Design,other,,all-design.co.uk,4,Bridge of Don,United Kingdom,No Owner,2025-09-09 00:01,all-design.co.uk,,2025-09-09 00:01,United Kingdom,Architecture & Planning,Other,Campus Two
51386253515.0,STL Architecture,,,stlarchitecture.co.uk,6,Reading,United Kingdom,James Garrett,2025-09-09 00:01,stlarchitecture.co.uk,,2025-09-09 00:01,United Kingdom,Architecture & Planning,Nurturing,2 Richfield Avenue
44470423778.0,N & N Chartered Architects,other,,,3,,,No Owner,2025-09-09 00:01,,,2025-09-09 00:01,,,Other,
44473966830.0,Wynn Rogers,other,,wynn-rogers.co.uk,5,,United Kingdom,No Owner,2025-09-09 00:01,wynn-rogers.co.uk,,2025-09-09 00:01,United Kingdom,,Other,
44270364921.0,MR-A,other,,mr-a.co.uk,3,,,No Owner,2025-09-09 00:01,mr-a.co.uk,,2025-09-09 00:01,,,Other,
44171188444.0,ESG Architects ltd,other,,,1,,,No Owner,2025-09-09 00:01,,,2025-09-09 00:01,,,Other,
44297350346.0,Andrew Nesbitt Architects,,Architecture,an-architects.co.uk,3,,United Kingdom,James Garrett,2025-09-09 00:01,an-architects.co.uk,+44(0) 28 9080 9060,2025-09-09 00:01,United Kingdom,Architecture & Planning,Nurturing,"CARNEGIE BUILDING, LIBRARY HILL, 121 DONEGALL ROAD, BELFAST BT12 5JL"
37567813852.0,na,other,,asu.edu,1,Tempe,United States,No Owner,2025-09-09 00:01,asu.edu, +1 855-278-5080,2025-09-09 00:01,United States,Higher Education,Other,1151 South Forest Avenue
13144161252.0,Ó Heochadha Inc,other,,,8,,,No Owner,2025-09-09 00:01,,,2025-09-09 00:01,,,Other,
12295762629.0,"32 POINTS MANNING, LLC",,,32pointsmanning.com,3,Destin,United States,James Garrett,2025-09-09 00:01,32pointsmanning.com, +1 818-481-3311,2025-09-09 00:01,United States,Human Resources,Nurturing,
10854565859.0,Morris+Company ApS,,,morrisand.company,46,København NV,Denmark,Ellinor,2025-09-09 00:01,morrisand.company,+44 (0)20 7566 7440,2025-09-09 00:01,Denmark,Architecture & Planning,Lead,"215 Mare Street, London, E8 3QE"
